com,n_com,dgr_int,PY,TI,AU,UT,seed_com
1,136,0.8242135289158122,2019,IDENTIFICATION OF THE AQUAPORIN GENE FAMILY IN CANNABIS SATIVA AND EVIDENCE FOR THE ACCUMULATION OF SILICON IN ITS TISSUES,GUERRIERO G;DESHMUKH R;SONAH H;SERGEANT K;HAUSMAN J-F;LENTZEN E;VALLE N;SIDDIQUI KS;EXLEY C,2-S2.0-85067418040,TRUE
1,136,0.8102824260932147,2018,"EXPRESSION ANALYSIS OF CELL WALL-RELATED GENES IN CANNABIS SATIVA: THE ""INS AND OUTS"" OF HEMP STEM TISSUE DEVELOPMENT",BEHR M;LUTTS S;HAUSMAN J-F;GUERRIERO G,2-S2.0-85050259270,TRUE
1,136,0.7896290610186255,2017,MOLECULAR INVESTIGATION OF THE STEM SNAP POINT IN TEXTILE HEMP,BEHR M;LEGAY S;HAUSMAN J-F;LUTTS S;GUERRIERO G,2-S2.0-85037329088,TRUE
1,136,0.6336302627919694,2017,"IMPACT OF SILICON IN PLANT BIOMASS PRODUCTION: FOCUS ON BAST FIBRES, HYPOTHESES, AND PERSPECTIVES",LUYCKX M;HAUSMAN J-F;LUTTS S;GUERRIERO G,2-S2.0-85029367466,TRUE
1,136,0.6244257519477537,2020,IDENTIFICATION OF CALLOSE SYNTHASES IN STINGING NETTLE AND ANALYSIS OF THEIR EXPRESSION IN DIFFERENT TISSUES,GUERRIERO G;PIASECKI E;BERNI R;XU X;LEGAY S;HAUSMAN J-F,2-S2.0-85085679205,TRUE
2,109,2.296899336155309,2018,"SELLAPHORA GOLOGONICA SP. NOV. (BACILLARIOPHYTA, SELLAPHORACEAE), A NEW DIATOM SPECIES FROM A MEDITERRANEAN KARST SPRING (SARDINIA, ITALY)",LAI GG;ECTOR LUC;LUGLIÈ A;SECHI N;WETZEL CE,2-S2.0-85048709757,TRUE
2,109,2.117302966734381,2019,"PSEUDOSTAUROSIRA BARDII (FRAGILARIACEAE, BACILLARIOPHYTA), A NEW SPECIES FROM A SALINE HYDROTHERMAL SPRING OF THE MASSIF CENTRAL (FRANCE)",BEAUGER A;WETZEL CE;VOLDOIRE O;ECTOR L,2-S2.0-85047433436,TRUE
2,109,2.080377029845366,2016,"SELLAPHORA LABERNARDIEREI (SELLAPHORACEAE, BACILLARIOPHYTA), A NEW EPILITHIC SPECIES FROM FRENCH SPRING AND FOUR NEW COMBINATIONS WITHIN THE GENUS SELLAPHORA",BEAUGER A;WETZEL CE;VOLDOIRE O;GARREAU A;ECTOR L,2-S2.0-84968755058,TRUE
2,109,1.9606461877218662,2018,TWO NEW SPECIES OF STAUROSIRA AND PSEUDOSTAUROSIRA (BACILLARIOPHYTA) FROM THE HIGHLANDS OF ARGENTINA (SOUTH-CENTRAL ANDES) AND TWO NEW NOMENCLATURAL COMBINATIONS,GRANA L;MORALES EA;MAIDANA NI;ECTOR L,2-S2.0-85051867835,TRUE
2,109,1.9568480976357372,2020,ANALYSIS OF THE TYPE SPECIMENS OF FRAGILARIA ALPESTRIS (BACILLARIOPHYTA) WITH DESCRIPTION OF TWO NEW ARAPHID SPECIES FROM THE SUB-ANTARCTIC AND ARCTIC REGION,VAN DE VIJVER B;TUSSET E;WILLIAMS DM;ECTOR L,2-S2.0-85096042779,TRUE
3,87,0.7220475410272282,2021,A NEW BI-OBJECTIVE APPROACH FOR OPTIMAL SIZING OF ELECTRICAL AND THERMAL DEVICES IN ZERO ENERGY BUILDINGS CONSIDERING ENVIRONMENTAL IMPACTS,MEHRTASH M;CAPITANESCU F;HEISELBERG PK;GIBON T,2-S2.0-85103403637,TRUE
3,87,0.6866664615408345,2020,AN ENHANCED OPTIMAL PV AND BATTERY SIZING MODEL FOR ZERO ENERGY BUILDINGS CONSIDERING ENVIRONMENTAL IMPACTS,MEHRTASH M;CAPITANESCU F;HEISELBERG PK;GIBON T;BERTRAND A,2-S2.0-85095969749,TRUE
3,87,0.6387242145935725,2021,"ATTRIBUTIONAL & CONSEQUENTIAL LIFE CYCLE ASSESSMENT: DEFINITIONS, CONCEPTUAL CHARACTERISTICS AND MODELLING RESTRICTIONS",SCHAUBROECK T;SCHAUBROECK S;HEIJUNGS R;ZAMAGNI A;BRANDÃO M;BENETTO E,2-S2.0-85109826559,TRUE
3,87,0.6112204268466118,2020,WHEN TO REPLACE A PRODUCT TO DECREASE ENVIRONMENTAL IMPACT?—A CONSEQUENTIAL LCA FRAMEWORK AND CASE STUDY ON CAR REPLACEMENT,SCHAUBROECK S;SCHAUBROECK T;BAUSTERT P;GIBON T;BENETTO E,2-S2.0-85084799116,TRUE
3,87,0.5970630739077396,2020,"A TOOL TO OPERATIONALIZE DYNAMIC LCA, INCLUDING TIME DIFFERENTIATION ON THE COMPLETE BACKGROUND DATABASE",PIGNÉ Y;GUTIÉRREZ TN;GIBON T;SCHAUBROECK T;POPOVICI E;SHIMAKO AH;BENETTO E;TIRUTA-BARNA L,2-S2.0-85074952001,TRUE
4,82,1.5688066272876469,2019,CATCHMENT TRAVEL TIMES FROM COMPOSITE STORAGE SELECTION FUNCTIONS REPRESENTING THE SUPERPOSITION OF STREAMFLOW GENERATION PROCESSES,RODRIGUEZ NB;KLAUS J,2-S2.0-85075486388,TRUE
4,82,1.1884460470363856,2019,ASSESSING THE CATCHMENT STORAGE FUNCTION THROUGH A DUAL-STORAGE CONCEPT,CARRER GE;KLAUS J;PFISTER L,2-S2.0-85060612119,TRUE
4,82,1.0461173901344993,2020,SATURATED AREAS THROUGH THE LENS: 1. SPATIO-TEMPORAL VARIABILITY OF SURFACE SATURATION DOCUMENTED THROUGH THERMAL INFRARED IMAGERY,ANTONELLI M;GLASER B;TEULING AJ;KLAUS J;PFISTER L,2-S2.0-85078780982,TRUE
4,82,0.9181418214004262,2021,THE WEIERBACH EXPERIMENTAL CATCHMENT IN LUXEMBOURG: A DECADE OF CRITICAL ZONE MONITORING IN A TEMPERATE FOREST - FROM HYDROLOGICAL INVESTIGATIONS TO ECOHYDROLOGICAL PERSPECTIVES,HISSLER C;MARTÍNEZ-CARRERAS N;BARNICH F;GOURDOL L;IFFLY JF;JUILLERET J;KLAUS J;PFISTER L,2-S2.0-85106944700,TRUE
4,82,0.8648639639945964,2020,INTRA-CATCHMENT VARIABILITY OF SURFACE SATURATION - INSIGHTS FROM PHYSICALLY BASED SIMULATIONS IN COMPARISON WITH BIWEEKLY THERMAL INFRARED IMAGE OBSERVATIONS,GLASER B;ANTONELLI M;HOPP L;KLAUS J,2-S2.0-85082619007,TRUE
5,69,0.41472797107438675,2018,INFLUENCE OF NEW AGROMINING CROPPING SYSTEMS ON SOIL BACTERIAL DIVERSITY AND THE PHYSICO-CHEMICAL CHARACTERISTICS OF AN ULTRAMAFIC SOIL,SAAD RF;KOBAISSI A;ECHEVARRIA G;KIDD P;CALUSINSKA M;GOUX X;BENIZRI E,2-S2.0-85049974459,TRUE
5,69,0.3840544600477961,2018,SOIL MICROBIAL AND NI-AGRONOMIC RESPONSES TO ALYSSUM MURALE INTERPLANTED WITH A LEGUME,SAAD RF;KOBAISSI A;GOUX X;CALUSINSKA M;ECHEVARRIA G;KIDD P;BENIZRI E,2-S2.0-85052813048,TRUE
5,69,0.3396549316661097,2019,COMMUNITY DIVERSITY AND POTENTIAL FUNCTIONS OF RHIZOSPHERE-ASSOCIATED BACTERIA OF NICKEL HYPERACCUMULATORS FOUND IN ALBANIA,LOPEZ S;GOUX X;ECHEVARRIA G;CALUSINSKA M;MOREL JL;BENIZRI E,2-S2.0-85056472909,TRUE
5,69,0.32604694093616127,2019,BACTERIAL COMMUNITY DIVERSITY IN THE RHIZOSPHERE OF NICKEL HYPERACCUMULATOR SPECIES OF HALMAHERA ISLAND (INDONESIA),LOPEZ S;GOUX X;VAN DER ENT A;ERSKINE PD;ECHEVARRIA G;CALUSINSKA M;MOREL JL;BENIZRI E,2-S2.0-85053826118,TRUE
5,69,0.2999634195571498,2020,COMPOSITIONAL AND FUNCTIONAL CHARACTERISATION OF BIOMASS-DEGRADING MICROBIAL COMMUNITIES IN GUTS OF PLANT FIBRE- AND SOIL-FEEDING HIGHER TERMITES,MARYNOWSKA M;GOUX X;SILLAM-DUSSÈS D;ROULAND-LEFÈVRE C;HALDER R;WILMES P;GAWRON P;ROISIN Y;DELFOSSE P;CALUSINSKA M,2-S2.0-85087008062,TRUE
6,69,2.64999760874895,2019,PROBABILISTIC URBAN FLOOD MAPPING USING SAR DATA,CHINI M;HOSTACHE R;PELICH R;MATGEN P;PULVIRENTI L;PIERDICCA N,2-S2.0-85077714778,TRUE
6,69,2.172729692480715,2018,MONITORING URBAN FLOODS USING SAR INTERFEROMETRIC OBSERVATIONS,CHINI M;PULVIRENTI L;PELICH R;PIERDICCA N;HOSTACHE R;MATGEN P,2-S2.0-85063137944,TRUE
6,69,2.0367848430263447,2021,"SAR-BASED FLOOD MAPPING, WHERE WE ARE AND FUTURE CHALLENGES",CHINI M;PELICH R;LI Y;HOSTACHE R;ZHAO J;DI MAURO C;MATGEN P,2-S2.0-85129892103,TRUE
6,69,1.996782504672787,2020,THE ROLE OF CO- AND CROSS-POLARIZATIONS INSAR COHERENCES IN MAPPING FLOODED URBAN AREAS,CHINI M;PELICH R;PULVIRENTI L;PIERDICCA N;HOSTACHE R;MATGEN P,2-S2.0-85101968748,TRUE
6,69,1.9469489896458054,2021,"INSAR MULTITEMPORAL DATA OVER PERSISTENT SCATTERERS TO DETECT FLOODWATER IN URBAN AREAS: A CASE STUDY IN BELETWEYNE, SOMALIA",PULVIRENTI L;CHINI M;PIERDICCA N,2-S2.0-85098772650,TRUE
7,43,0.8999013280184927,2018,EFFICACY OF FENHEXAMID TREATMENTS AGAINST BOTRYTIS CINEREA IN GRAPEVINE AS AFFECTED BY TIME OF APPLICATION AND METEOROLOGICAL CONDITIONS,MOLITOR D;SCHULTZ M;FRIEDRICH B;VIRET O;HOFFMANN L;BEYER M,2-S2.0-85044577573,TRUE
7,43,0.8594144476271729,2018,MULTI-ANNUAL COMPARISONS DEMONSTRATE DIFFERENCES IN THE BUNCH ROT SUSCEPTIBILITY OF NINE VITIS VINIFERA L. 'RIESLING' CLONES,MOLITOR D;BIEWERS B;JÜNGLEN M;SCHULTZ M;CLEMENTI P;PERMESANG G;REGNERY D;PORTEN M;HERZOG K;HOFFMANN L;BEYER M;BERKELMANN-LÖHNERTZ B,2-S2.0-85057882312,TRUE
7,43,0.831740144040363,2017,OVERALL EFFICACIES OF COMBINED MEASURES FOR CONTROLLING GRAPE BUNCH ROT CAN BE ESTIMATED BY MULTIPLICATIVE CONSIDERATION OF INDIVIDUAL EFFECTS RESEARCH NOTE,MOLITOR D;HOFFMANN L;BEYER M,2-S2.0-85053261286,TRUE
7,43,0.7886656323586867,2019,SEMI-MINIMAL PRUNED HEDGE: A POTENTIAL CLIMATE CHANGE ADAPTATION STRATEGY IN VITICULTURE,MOLITOR D;SCHULTZ M;MANNES R;PALLEZ-BARTHEL M;HOFFMANN L;BEYER M,2-S2.0-85064174914,TRUE
7,43,0.7643372434063855,2020,BOTRISK: SIMULATING THE ANNUAL BUNCH ROT RISK ON GRAPEVINES (VITIS VINIFERA L. CV. RIESLING) BASED ON METEOROLOGICAL DATA,MOLITOR D;BAUS O;DIDRY Y;JUNK J;HOFFMANN L;BEYER M,2-S2.0-85085285321,TRUE
8,38,0.5763804973100749,2018,OPF INTEGRATING DISTRIBUTION SYSTEMS FLEXIBILITY FOR TSO REAL-TIME ACTIVE POWER BALANCE MANAGEMENT,CAPITANESCU F,2-S2.0-85087622577,FALSE
8,38,0.513358933451624,2018,TSO–DSO INTERACTION: ACTIVE DISTRIBUTION NETWORK POWER CHART FOR TSO ANCILLARY SERVICES PROVISION,CAPITANESCU F,2-S2.0-85049313677,FALSE
8,38,0.4645116756663175,2018,AC OPF-BASED METHODOLOGY FOR EXPLOITING FLEXIBILITY PROVISION AT TSO/DSO INTERFACE VIA OLTC-CONTROLLED DEMAND REDUCTION,CAPITANESCU F,2-S2.0-85049351928,FALSE
8,38,0.4397616657029331,2020,A TRACTABLE APPROXIMATION APPROACH TO DEAL WITH THE BINARY NATURE OF SHIFTABLE LOADS IN MULTI-PERIOD OPTIMAL POWER FLOW,AVRAMIDIS II;CAPITANESCU F;DECONINCK G,2-S2.0-85083079768,FALSE
8,38,0.32291227577299353,2021,A NOVEL APPROXIMATION OF SECURITY-CONSTRAINED OPTIMAL POWER FLOW WITH INCORPORATION OF GENERATOR FREQUENCY AND VOLTAGE CONTROL RESPONSE,AVRAMIDIS I-I;CAPITANESCU F;KARAGIANNOPOULOS S;VRETTOS E,2-S2.0-85104639348,FALSE
9,31,0.9834547520094608,2019,A DATA ANALYSIS APPROACH TO EVALUATE THE IMPACT OF THE CAPACITY UTILIZATION ON THE ENERGY CONSUMPTION OF WASTEWATER TREATMENT PLANTS,TORREGROSSA D;CASTELLET-VICIANO L;HERNÁNDEZ-SANCHO F,2-S2.0-85057580857,FALSE
9,31,0.8492288416982149,2017,PUMP EFFICIENCY ANALYSIS OF WASTE WATER TREATMENT PLANTS: A DATA MINING APPROACH USING SIGNAL DECOMPOSITION FOR DECISION MAKING,TORREGROSSA D;HANSEN J;HERNÁNDEZ-SANCHO F;CORNELISSEN A;SCHUTZ G;LEOPOLD U,2-S2.0-85026740646,FALSE
9,31,0.8378177207703693,2018,SK-DSSY: HOW TO INTEGRATE THE YOUTUBE PLATFORM IN A COOPERATIVE DECISION SUPPORT?,TORREGROSSA D;HANSEN J,2-S2.0-85048044061,FALSE
9,31,0.8030616341375809,2017,ENERGY SAVING IN WASTEWATER TREATMENT PLANTS: A PLANT-GENERIC COOPERATIVE DECISION SUPPORT SYSTEM,TORREGROSSA D;HERNÁNDEZ-SANCHO F;HANSEN J;CORNELISSEN A;POPOV T;SCHUTZ G,2-S2.0-85029715919,FALSE
9,31,0.6896247297716822,2017,A DATA-DRIVEN METHODOLOGY TO SUPPORT PUMP PERFORMANCE ANALYSIS AND ENERGY EFFICIENCY OPTIMIZATION IN WASTE WATER TREATMENT PLANTS,TORREGROSSA D;HANSEN J;HERNÁNDEZ-SANCHO F;CORNELISSEN A;SCHUTZ G;LEOPOLD U,2-S2.0-85029505715,FALSE
10,30,0.7324002148924789,2016,CHEMICAL STABILITY AND BIOACCESSIBILITY OF Β-CAROTENE ENCAPSULATED IN SODIUM ALGINATE O/W EMULSIONS: IMPACT OF CA2+ MEDIATED GELATION,SOUKOULIS C;CAMBIER S;HOFFMANN L;BOHN T,2-S2.0-84958232317,FALSE
10,30,0.6883317389850881,2020,"INFLUENCE OF SOY AND WHEY PROTEIN, GELATIN AND SODIUM CASEINATE ON CAROTENOID BIOACCESSIBILITY",IDDIR M;DINGEO G;PORRAS YARURO JF;HAMMAZ F;BOREL P;SCHLEEH T;DESMARCHELIER C;LARONDELLE Y;BOHN T,2-S2.0-85087111273,FALSE
10,30,0.6058676890868736,2016,EFFECT OF DIVALENT MINERALS ON THE BIOACCESSIBILITY OF PURE CAROTENOIDS AND ON PHYSICAL PROPERTIES OF GASTRO-INTESTINAL FLUIDS,CORTE-REAL J;IDDIR M;SOUKOULIS C;RICHLING E;HOFFMANN L;BOHN T,2-S2.0-84946615281,FALSE
10,30,0.5708902792670804,2017,MODULATION OF CHEMICAL STABILITY AND IN VITRO BIOACCESSIBILITY OF BETA-CAROTENE LOADED IN KAPPA-CARRAGEENAN OIL-IN-GEL EMULSIONS,SOUKOULIS C;TSEVDOU M;ANDRE CM;CAMBIER S;YONEKURA L;TAOUKIS PS;HOFFMANN L,2-S2.0-84991671510,FALSE
10,30,0.5618360660915227,2021,IMPACT OF PROTEIN-ENRICHED PLANT FOOD ITEMS ON THE BIOACCESSIBILITY AND CELLULAR UPTAKE OF CAROTENOIDS,IDDIR M;PORRAS YARURO JF;COCCO E;HARDY EM;APPENZELLER BMR;GUIGNARD C;LARONDELLE Y;BOHN T,2-S2.0-85108378940,FALSE
11,28,0.5286868396628048,2018,REGIONAL EVAPOTRANSPIRATION FROM AN IMAGE-BASED IMPLEMENTATION OF THE SURFACE TEMPERATURE INITIATED CLOSURE (STIC1.2) MODEL AND ITS VALIDATION ACROSS AN ARIDITY GRADIENT IN THE CONTERMINOUS US,BHATTARAI N;MALLICK K;BRUNSELL NA;SUN G;JAIN M,2-S2.0-85045666075,FALSE
11,28,0.47399207575719293,2019,AN AUTOMATED MULTI-MODEL EVAPOTRANSPIRATION MAPPING FRAMEWORK USING REMOTELY SENSED AND REANALYSIS DATA,BHATTARAI N;MALLICK K;STUART J;VISHWAKARMA BD;NIRAULA R;SEN S;JAIN M,2-S2.0-85065223741,FALSE
11,28,0.38095101040753315,2019,CHALLENGES AND FUTURE PERSPECTIVES OF MULTI-/HYPERSPECTRAL THERMAL INFRARED REMOTE SENSING FOR CROP WATER-STRESS DETECTION: A REVIEW,GERHARDS M;SCHLERF M;MALLICK K;UDELHOVEN T,2-S2.0-85066756100,FALSE
11,28,0.33807550553371063,2018,THE INDIAN-FRENCH TRISHNA MISSION: EARTH OBSERVATION IN THE THERMAL INFRARED WITH HIGH SPATIO-TEMPORAL RESOLUTION,LAGOUARDE J-P;BHATTACHARYA BK;CRÉBASSOL P;GAMET P;BABU SS;BOULET G;BRIOTTET X;BUDDHIRAJU KM;CHERCHALI S;DADOU I;DEDIEU G;GOUHIER M;HAGOLLE O;IRVINE M;JACOB F;KUMAR A;KUMAR KK;LAIGNEL B;MALLICK K;MURTHY CS;OLIOSO A;OTTLÉ C;PANDYA MR;RAJU PV;ROUJEAN J-L;SEKHAR M;SHUKLA MV;SINGH SK;SOBRINO J;RAMAKRISHNAN R,2-S2.0-85063000787,FALSE
11,28,0.33112550328133017,2019,USING PHASE LAGS TO EVALUATE MODEL BIASES IN SIMULATING THE DIURNAL CYCLE OF EVAPOTRANSPIRATION: A CASE STUDY IN LUXEMBOURG,RENNER M;BRENNER C;MALLICK K;WIZEMANN H-D;CONTE L;TREBS I;WEI J;WULFMEYER V;SCHULZ K;KLEIDON A,2-S2.0-85060720829,FALSE
12,16,0.21507087683558274,2018,A VIRTUAL COLLABORATIVE PLATFORM TO SUPPORT BUILDING INFORMATION MODELING IMPLEMENTATION FOR ENERGY EFFICIENCY,PETRI I;ALHAMAMI A;REZGUI Y;KUBICKI S,2-S2.0-85053813991,FALSE
12,16,0.20937875150060026,2020,PROMOTING ENERGY EFFICIENCY IN THE BUILT ENVIRONMENT THROUGH ADAPTED BIM TRAINING AND EDUCATION,ALHAMAMI A;PETRI I;REZGUI Y;KUBICKI S,2-S2.0-85084302629,FALSE
12,16,0.14457182805640156,2017,DATA-DRIVEN DEVELOPMENT IN THE SMART CITY: GENERATIVE DESIGN FOR REFUGEE CAMPS IN LUXEMBOURG,DAHER E;KUBICKI S;GUERRIERO A,2-S2.0-85016132219,FALSE
12,16,0.12875631313131314,2017,TECHNOLOGIES IN THE PLANNING OF REFUGEES' CAMPS: A PARAMETRIC PARTICIPATIVE FRAMEWORK FOR SPATIAL CAMP PLANNING,DAHER E;KUBICKI S,2-S2.0-85034655654,FALSE
12,16,0.11184921227627605,2020,TOWARDS A SEMANTIC CONSTRUCTION DIGITAL TWIN: DIRECTIONS FOR FUTURE RESEARCH,BOJE C;GUERRIERO A;KUBICKI S;REZGUI Y,2-S2.0-85082386834,FALSE
13,13,0.48478991111708114,2017,AN EVALUATION OF THE POTENTIAL OF SENTINEL 1 FOR IMPROVING FLASH FLOOD PREDICTIONS VIA SOIL MOISTURE-DATA ASSIMILATION,CENCI L;PULVIRENTI L;BONI G;CHINI M;MATGEN P;GABELLANI S;SQUICCIARINO G;PIERDICCA N,2-S2.0-85032661692,FALSE
13,13,0.41655176640009806,2017,EXPLOITING SENTINEL 1 DATA FOR IMPROVING (FLASH) FLOOD MODELLING VIA DATA ASSIMILATION TECHNIQUES,CENCI L;PULVIRENTI L;BONI G;CHINI M;MATGEN P;GABELLANI S;SQUICCIARINO G;BASSO V;PIGNONE F;PIERDICCA N,2-S2.0-85032710448,FALSE
13,13,0.2896853680887893,2016,SATELLITE SOIL MOISTURE ASSIMILATION: PRELIMINARY ASSESSMENT OF THE SENTINEL 1 POTENTIALITIES,CENCI L;PULVIRENTI L;BONI G;CHINI M;MATGEN P;GABELLANI S;CAMPO L;SILVESTRO F;VERSACE C;CAMPANELLA P;CANDELA L,2-S2.0-85007452340,FALSE
13,13,0.24208869570963368,2016,COMBINED ANALYSIS OF TRACE ELEMENTS AND ISOTOPIC COMPOSITION OF PARTICULATE ORGANIC MATTER IN SUSPENDED SEDIMENT TO ASSESS THEIR ORIGIN AND FLUX IN A TROPICAL DISTURBED WATERSHED,FERNANDES AM;HISSLER C;DA CONCEIÇÃO FT;SPATTI JUNIOR EP;MORTATTI J,2-S2.0-84991801224,FALSE
13,13,0.21541746611375875,2020,"MULTI-TRACER ANALYSIS TO ESTIMATE THE HISTORICAL EVOLUTION OF POLLUTION IN RIVERBED SEDIMENT OF SUBTROPICAL WATERSHED, THE LOWER COURSE OF THE PIRACICABA RIVER, SÃO PAULO, BRAZIL",DA CONCEIÇÃO FT;FERNANDES AM;HISSLER C;LUPINACCI CM;MENEGÁRIO AA;MORUZZI RB,2-S2.0-85087987195,FALSE
14,13,0.22110117393036482,2019,A CENTURY OF LOCAL CHANGES IN BUMBLEBEE COMMUNITIES AND LANDSCAPE COMPOSITION IN BELGIUM,VRAY S;ROLLIN O;RASMONT P;DUFRÊNE M;MICHEZ D;DENDONCKER N,2-S2.0-85062801034,FALSE
14,13,0.20228537347401926,2020,DRASTIC SHIFTS IN THE BELGIAN BUMBLEBEE COMMUNITY OVER THE LAST CENTURY,ROLLIN O;VRAY S;DENDONCKER N;MICHEZ D;DUFRÊNE M;RASMONT P,2-S2.0-85084314013,FALSE
14,13,0.14789775600734031,2017,EVALUATING THE RELIABILITY OF SPECIES DISTRIBUTION MODELS WITH AN INDIRECT MEASURE OF BIRD REPRODUCTIVE PERFORMANCE,AIZPURUA O;CANTÚ-SALAZAR L;MARTIN GS;SARDÀ-PALOMERA F;GARGALLO G;HERRANDO S;BROTONS L;TITEUX N,2-S2.0-85019019301,FALSE
14,13,0.13676697954523667,2020,FLEXIBLE HABITAT USE IN A MIGRATORY SONGBIRD EXPANDING ACROSS A HUMAN-MODIFIED LANDSCAPE: IS IT ADAPTIVE?,GAILLY R;COUSSEAU L;PAQUET J-Y;TITEUX N;DUFRÊNE M,2-S2.0-85092078588,FALSE
14,13,0.11021206405727385,2020,ECOLOGICAL TRAPS AND SPECIES DISTRIBUTION MODELS: A CHALLENGE FOR PRIORITIZING AREAS OF CONSERVATION IMPORTANCE,TITEUX N;AIZPURUA O;HOLLANDER FA;SARDÀ-PALOMERA F;HERMOSO V;PAQUET J-Y;MESTDAGH X;SETTELE J;BROTONS L;VAN DYCK H,2-S2.0-85075732296,FALSE
15,7,0.23886359707255228,2021,DESIGN OF CONTROLLER FOR VIRTUAL SYNCHRONOUS POWER PLANT,TARRASO A;LAI NB;VERDUGO C;CANDELA JI;RODRIGUEZ P,2-S2.0-85105072234,FALSE
15,7,0.23126293995859215,2021,FREQUENCY SELECTIVE DAMPING OF SUB-SYNCHRONOUS OSCILLATIONS FOR GRID-FORMING POWER CONVERTERS,LAI NB;MARIN L;TARRASO A;BALTAS GN;RODRIGUEZ P,2-S2.0-85123377313,FALSE
15,7,0.19598791337921773,2021,RESYNCHRONIZATION STRATEGY FOR A 200KVA GRID- FORMING POWER CONVERTER,TARRASO A;LAI NB;RODRIGUEZ P,2-S2.0-85123363813,FALSE
15,7,0.09378881987577639,2021,GRID-FOLLOWING AND GRID-FORMING PV AND WIND TURBINES,RODRIGUEZ P;LAI NB,2-S2.0-85111218510,FALSE
15,7,0.07585864276325016,2021,MULTI-ROTOR VIRTUAL MACHINE FOR GRID-FORMING CONVERTER TO DAMP SUB-SYNCHRONOUS RESONANCES,LAI NB;BALTAS GN;RODRIGUEZ P,2-S2.0-85114730659,FALSE
16,7,0.35562857237411294,2020,ENHANCING COAP GROUP COMMUNICATION TO SUPPORT MMTC OVER SATELLITE NETWORKS,SOUA R;PALATTELLA MR;STEMPER A;ENGEL T,2-S2.0-85089419916,FALSE
16,7,0.34261552401087286,2018,PERFORMANCE ANALYSIS OF COAP UNDER SATELLITE LINK DISRUPTION,GIOTTI D;LAMORTE L;SOUA R;PALATTELLA MR;ENGEL T,2-S2.0-85054500386,FALSE
16,7,0.23818118708781671,2019,IOT APPLICATION PROTOCOLS OPTIMISATION FOR FUTURE INTEGRATED M2M-SATELLITE NETWORKS,SOUA R;PALATTELLA MR;ENGEL T,2-S2.0-85061545194,FALSE
16,7,0.14293817356778218,2019,ENABLING INTERNET OF EVERYTHING EVERYWHERE: LPWAN WITH SATELLITE BACKHAUL,PALATTELLA MR;ACCETTURA N,2-S2.0-85062862953,FALSE
16,7,0.09852403674206409,2016,ENABLING SDN IN VANETS: WHAT IS THE IMPACT ON SECURITY?,DI MAIO A;PALATTELLA MR;SOUA R;LAMORTE L;VILAJOSANA X;ALONSO-ZARATE J;ENGEL T,2-S2.0-85005943190,FALSE
17,6,0.5947058823529412,2016,BIG DATA CLUSTERING USING DATA STREAMS APPROACH,LOUHI I;BOUDJELOUD-ASSALA L;TAMISIER T,2-S2.0-85015057814,FALSE
17,6,0.5884351510949977,2016,INCREMENTAL NEAREST NEIGHBORHOOD GRAPH FOR DATA STREAM CLUSTERING,LOUHI I;BOUDJELOUD-ASSALA L;TAMISIER T,2-S2.0-85007246761,FALSE
17,6,0.09846153846153846,2017,SUBSPACE CLUSTERING AND VISUALIZATION OF DATA STREAMS,LOUHI I;BOUDJELOUD-ASSALA L;TAMISIER T,2-S2.0-85047923301,FALSE
17,6,0.039607843137254906,2019,PERFORMANCE ANALYSIS OF MANET ROUTING PROTOCOLS IN URBAN VANETS,DI MAIO A;PALATTELLA MR;ENGEL T,2-S2.0-85075734861,FALSE
17,6,0.02919863597612958,2018,A PROBABILISTIC MODEL SELECTION CRITERION FOR SPECTRAL CLUSTERING,BRUNEAU P;OTJACQUES B,2-S2.0-85054181880,FALSE
18,5,0.11834733893557423,2016,FAST ATMOSPHERIC PLASMA DEPOSITION OF BIO-INSPIRED CATECHOL/QUINONE-RICH NANOLAYERS TO IMMOBILIZE NDM-1 ENZYMES FOR WATER TREATMENT,MAUCHAUFFÉ R;BONOT S;MORENO-COURANJOU M;DETREMBLEUR C;BOSCHER ND;VAN DE WEERDT C;DUWEZ A-S;CHOQUET P,2-S2.0-84964344404,FALSE
18,5,0.10855196643413204,2018,ANTI-BIOFOULING AND ANTIBACTERIAL SURFACES: VIA A MULTICOMPONENT COATING DEPOSITED FROM AN UP-SCALABLE ATMOSPHERIC-PRESSURE PLASMA-ASSISTED CVD PROCESS,MORENO-COURANJOU M;MAUCHAUFFÉ R;BONOT S;DETREMBLEUR C;CHOQUET P,2-S2.0-85041111685,FALSE
18,5,0.09453781512605042,2020,CONTROLLED CO-IMMOBILIZATION OF BIOMOLECULES ON QUINONE-BEARING PLASMA POLYMER FILMS FOR MULTIFUNCTIONAL BIOMATERIAL SURFACES,CZUBA U;MORENO-COURANJOU M;COLLARD D;DE PAUW-GILLET M-C;QUINTANA R;LASSAUX P;DETREMBLEUR C;CHOQUET P,2-S2.0-85086470201,FALSE
18,5,0.011994949494949496,2020,THE FOOD MATRIX AND THE GASTROINTESTINAL FLUIDS ALTER THE FEATURES OF SILVER NANOPARTICLES,LALOUX L;KASTRATI D;CAMBIER S;GUTLEB AC;SCHNEIDER Y-J,2-S2.0-85081956851,FALSE
18,5,0.011419931802097407,2020,RISK GOVERNANCE OF EMERGING TECHNOLOGIES DEMONSTRATED IN TERMS OF ITS APPLICABILITY TO NANOMATERIALS,ISIGONIS P;AFANTITIS A;ANTUNES D;BARTONOVA A;BEITOLLAHI A;BOHMER N;BOUMAN E;CHAUDHRY Q;CIMPAN MR;CIMPAN E;DOAK S;DUPIN D;FEDRIGO D;FESSARD V;GROMELSKI M;GUTLEB AC;HALAPPANAVAR S;HOET P;JELIAZKOVA N;JOMINI S;LINDNER S;LINKOV I;LONGHIN EM;LYNCH I;MALSCH I;MARCOMINI A;MARIUSSEN E;DE LA FUENTE JM;MELAGRAKI G;MURPHY F;NEAVES M;PACKROFF R;PFUHLER S;PUZYN T;RAHMAN Q;PRAN ER;SEMENZIN E;SERCHI T;STEINBACH C;TRUMP B;VRČEK IV;WARHEIT D;WIESNER MR;WILLIGHAGEN E;DUSINSKA M,2-S2.0-85088403094,FALSE
19,5,0.2404376332683383,2017,IMPACT OF GAS INJECTION ON THE APPARENT VISCOSITY AND VISCOELASTIC PROPERTY OF WASTE ACTIVATED SEWAGE SLUDGE,BOBADE V;BAUDEZ JC;EVANS G;ESHTIAGHI N,2-S2.0-85014096579,FALSE
19,5,0.17971764549007843,2018,IMPACT OF GAS INJECTION ON PHYSICOCHEMICAL PROPERTIES OF WASTE ACTIVATED SLUDGE: A LINEAR RELATIONSHIP BETWEEN THE CHANGE OF VISCOELASTIC PROPERTIES AND THE CHANGE OF OTHER PHYSIOCHEMICAL PROPERTIES,BOBADE V;EVANS G;BAUDEZ JC;ESHTIAGHI N,2-S2.0-85053126916,FALSE
19,5,0.10707618823192086,2018,EXPERIMENTAL RHEOLOGICAL PROCEDURE ADAPTED TO PASTY DEWATERED SLUDGE UP TO 45 % DRY MATTER,MOUZAOUI M;BAUDEZ JC;SAUCEAU M;ARLABOSSE P,2-S2.0-85041376611,FALSE
19,5,0.0981220053800699,2018,COMPARISON BETWEEN CLASSICAL KELVIN-VOIGT AND FRACTIONAL DERIVATIVE KELVIN-VOIGT MODELS IN PREDICTION OF LINEAR VISCOELASTIC BEHAVIOUR OF WASTE ACTIVATED SLUDGE,FARNO E;BAUDEZ J-C;ESHTIAGHI N,2-S2.0-85029698272,FALSE
19,5,0.05130824372759857,2019,IMPACT OF RHEOLOGICAL PROPERTIES OF SUBSTRATE ON ANAEROBIC DIGESTION AND DIGESTATE DEWATERABILITY: NEW INSIGHTS THROUGH RHEOLOGICAL AND PHYSICO-CHEMICAL INTERACTION,MIRYAHYAEI S;OLINGA K;ABDUL MUTHALIB FA;DAS T;AB AZIZ MS;OTHMAN M;BAUDEZ JC;BATSTONE D;ESHTIAGHI N,2-S2.0-85057457171,FALSE
20,4,0.14973867728549445,2019,AN IMMISSION PERSPECTIVE OF EMERGING MICROPOLLUTANT PRESSURE IN LUXEMBOURGISH SURFACE WATERS: A SIMPLE EVALUATION SCHEME FOR WASTEWATER IMPACT ASSESSMENT,GALLÉ T;PITTOIS D;BAYERLE M;BRAUN C,2-S2.0-85069656848,FALSE
20,4,0.07084745762711865,2020,QUANTITATIVE USE OF PASSIVE SAMPLING DATA TO DERIVE A COMPLETE SEASONAL SEQUENCE OF FLOOD EVENT LOADS: A CASE STUDY FOR MAIZE HERBICIDES IN LUXEMBOURG,GALLÉ T;FRELAT M;HUCK V;BAYERLE M;PITTOIS D;BRAUN C,2-S2.0-85080861408,FALSE
20,4,0.0625531914893617,2020,ALLOCATING BIOCIDE SOURCES AND FLOW PATHS TO SURFACE WATERS USING PASSIVE SAMPLERS AND FLOOD WAVE CHEMOGRAPHS,GALLÉ T;BAYERLE M;PITTOIS D;HUCK V,2-S2.0-85078743822,FALSE
20,4,0.056338028169014086,2019,LARGE-SCALE DETERMINATION OF MICROPOLLUTANT ELIMINATION FROM MUNICIPAL WASTEWATER BY PASSIVE SAMPLING GIVES NEW INSIGHTS IN GOVERNING PARAMETERS AND DEGRADATION PATTERNS,GALLÉ T;KOEHLER C;PLATTES M;PITTOIS D;BAYERLE M;CARAFA R;CHRISTEN A;HANSEN J,2-S2.0-85066267363,FALSE
21,4,0.11309523809523808,2018,TOWARDS DESIGN RECOMMENDATIONS FOR TRAINING OF SECURITY CRITICAL AGENTS IN MIXED REALITY ENVIRONMENTS,HUYNEN J-L;MCCALL R;GRIFFIN M,2-S2.0-85058285967,FALSE
21,4,0.08333333333333333,2017,COLLABORATIVE STORYTELLING USING GAMIFICATION AND AUGMENTED REALITY,GIRONACCI IM;MC-CALL R;TAMISIER T,2-S2.0-85029805546,FALSE
21,4,0.07142857142857142,2018,MIXED REALITY COLLABORATIVE STORYTELLING,GIRONACCI IM;CALL RM;TAMISIER T,2-S2.0-85058288741,FALSE
21,4,0.041666666666666664,2017,A CORPUS OF NARRATIVES RELATED TO LUXEMBOURG FOR THE PERIOD 1945-1975,PARISOT O;TAMISIER T,2-S2.0-85039158862,FALSE
22,3,0.10286382232612507,2020,A DATA-DRIVEN PLATFORM FOR PREDICTING THE POSITION OF FUTURE WIND TURBINES,PARISOT O,2-S2.0-85094150724,FALSE
22,3,0.06896551724137931,2021,AUTOMATED MACHINE LEARNING FOR WIND FARMS LOCATION,PARISOT O;TAMISIER T,2-S2.0-85103832477,FALSE
22,3,0.03389830508474576,2021,CO-OPTIMISATION OF WIND FARM MICRO-SITING AND CABLING LAYOUTS,AL SHEREIQI A;MOHANDES B;AL-HINAI A;BAKHTVAR M;AL-ABRI R;EL MOURSI MS;ALBADI M,2-S2.0-85102827118,FALSE
23,3,0.019756322508616087,2018,AN IMPROVED SECRETION SIGNAL ENHANCES THE SECRETION OF MODEL PROTEINS FROM PICHIA PASTORIS,BARRERO JJ;CASLER JC;VALERO F;FERRER P;GLICK BS,2-S2.0-85054844406,FALSE
23,3,0.015582010582010582,2019,DETECTION AND ELIMINATION OF CELLULAR BOTTLENECKS IN PROTEIN-PRODUCING YEASTS,ZAHRL RJ;GASSER B;MATTANOVICH D;FERRER P,2-S2.0-85061279034,FALSE
23,3,0.014174311926605506,2019,GLYCEROL METABOLISM OF PICHIA PASTORIS (KOMAGATAELLA SPP.) CHARACTERISED BY 13 C-BASED METABOLIC FLUX ANALYSIS,TOMÀS-GAMISANS M;ØDUM ASR;WORKMAN M;FERRER P;ALBIOL J,2-S2.0-85060584165,FALSE
24,3,0.5310630464795214,2017,STORING AND PROCESSING PERSONAL NARRATIVES IN THE CONTEXT OF CULTURAL LEGACY PRESERVATION,BRUNEAU P;PARISOT O;TAMISIER T,2-S2.0-85029424759,FALSE
24,3,0.5303769401330377,2018,"NARRATIVE ANNOTATION OF CONTENT FOR CULTURAL LEGACY PRESERVATION",BRUNEAU P,2-S2.0-85049677030,FALSE
24,3,0.03704974271012007,2017,USING VISUALISATION TECHNIQUES TO ACQUIRE A BETTER UNDERSTANDING OF STORYTELLING FOR CULTURAL HERITAGE,CARVALHO P;PARISOT O;TAMISIER T,2-S2.0-85029413184,FALSE
25,2,0.04054054054054054,2021,AN ASSESSMENT OF ELECTRIFIED METHANOL PRODUCTION FROM AN ENVIRONMENTAL PERSPECTIVE,DELIKONSTANTIS E;IGOS E;THEOFANIDIS S-A;BENETTO E;MARIN GB;VAN GEEM K;STEFANIDIS GD,2-S2.0-85115683032,FALSE
25,2,0.04054054054054054,2020,LIFE CYCLE ASSESSMENT OF PLASMA-ASSISTED ETHYLENE PRODUCTION FROM RICH-IN-METHANE GAS STREAMS,DELIKONSTANTIS E;IGOS E;AUGUSTINUS M;BENETTO E;STEFANIDIS GD,2-S2.0-85081163745,FALSE
26,2,0.047619047619047616,2021,VALIDATION AND PSYCHOMETRIC EVALUATION OF THE ITALIAN VERSION OF THE BERGEN–YALE SEX ADDICTION SCALE,SORACI P;MELCHIORI FM;DEL FANTE E;MELCHIORI R;GUAITOLI E;LAGATTOLLA F;PARENTE G;BONANNO E;NORBIATO L;CIMAGLIA R;CAMPEDELLI L;ABBIATI FA;FERRARI A;GRIFFITHS MD,2-S2.0-85112464229,FALSE
26,2,0.047619047619047616,2020,PSYCHOMETRIC VALIDATION OF THE INTERNET DISORDER SCALE–SHORT FORM IN AN ITALIAN ADULT SAMPLE,SORACI P;FERRARI A;BONANNO E;ROSANNA DP;REPICE E;GRIFFITHS MD,2-S2.0-85084202462,FALSE
27,2,0.08571428571428572,2020,AGGREGATION OF COMPONENT-BASED GRID-FEEDING DER AND LOAD MODELS FOR SIMULATION OF MICROGRID ISLANDING TRANSIENTS,ROOS MH;NGUYEN PH;MORREN J;SLOOTWEG JG,2-S2.0-85089071757,FALSE
27,2,0.08571428571428572,2019,MODELING OF DISTRIBUTED ENERGY RESOURCES FOR SIMULATING FAULT-INITIATED ISLANDING OF MICROGRIDS,ROOS MH;NGUYEN PH;MORREN J;SLOOTWEG JG,2-S2.0-85072322862,FALSE
28,2,0.10377358490566038,2018,"ESTROGENIC AND ANTI-ESTROGENIC ACTIVITY OF BUTYLPARABEN, BUTYLATED HYDROXYANISOLE, BUTYLATED HYDROXYTOLUENE AND PROPYL GALLATE AND THEIR BINARY MIXTURES ON TWO ESTROGEN RESPONSIVE CELL LINES (T47D-KBLUC, MCF-7)",POP A;DRUGAN T;GUTLEB AC;LUPU D;CHERFAN J;LOGHIN F;KISS B,2-S2.0-85042166116,FALSE
28,2,0.10377358490566038,2016,INDIVIDUAL AND COMBINED IN VITRO (ANTI)ANDROGENIC EFFECTS OF CERTAIN FOOD ADDITIVES AND COSMETIC PRESERVATIVES,POP A;DRUGAN T;GUTLEB AC;LUPU D;CHERFAN J;LOGHIN F;KISS B,2-S2.0-84956649817,FALSE
